{
  "produit": {
    "precision": 0.8333333333333334,
    "recall": 0.36363636363636365,
    "f1-score": 0.5063291139240507,
    "support": 55,
    "confused_with": {}
  },
  "micro avg": {
    "precision": 0.8333333333333334,
    "recall": 0.36363636363636365,
    "f1-score": 0.5063291139240507,
    "support": 55
  },
  "macro avg": {
    "precision": 0.8333333333333334,
    "recall": 0.36363636363636365,
    "f1-score": 0.5063291139240507,
    "support": 55
  },
  "weighted avg": {
    "precision": 0.8333333333333334,
    "recall": 0.36363636363636365,
    "f1-score": 0.5063291139240507,
    "support": 55
  }
}